{"cameraMode":{"drawMode":0,"name":"Shaded","section":"Shading Mode"},"sceneLighting":true,"audioPlay":false,"sceneViewState":{"showFog":true,"showMaterialUpdate":false,"showSkybox":true,"showFlares":true,"showImageEffects":true,"showParticleSystems":true},"in2DMode":false,"pivot":{"x":965.054443359375,"y":0.47591400146484377,"z":786.1697387695313},"rotation":{"x":-0.13362284004688264,"y":0.8655924201011658,"z":-0.36129719018936159,"w":-0.3202517628669739},"size":50.027183532714847,"orthographic":false}