{"cameraMode":{"drawMode":0,"name":"Shaded","section":"Shading Mode"},"sceneLighting":false,"audioPlay":false,"sceneViewState":{"showFog":true,"showMaterialUpdate":false,"showSkybox":false,"showFlares":true,"showImageEffects":true,"showParticleSystems":true},"in2DMode":false,"pivot":{"x":513.5760498046875,"y":2.4000000953674318,"z":590.1949462890625},"rotation":{"x":0.16961799561977387,"y":-0.4922472834587097,"z":0.09848757833242417,"w":0.8481830954551697},"size":5049.65673828125,"orthographic":false}